Participant_ID,Age,Caffeine_mg,Sleep_Hours,Sleep_Quality_Score,Stress_Level,Physical_Activity_Level,Stroop_Reaction_Time_ms,N_Back_Accuracy,PVT_Reaction_Time_ms,Focus_Level,Brewing_Method_Drip,Brewing_Method_Espresso,Brewing_Method_French Press,Brewing_Method_Pour Over,Time_of_Day_Evening,Time_of_Day_Morning,Gender_Male,Caffeine_x_SleepQuality,Caffeine_x_Stress,Caffeine_x_Time_of_Day
P1000,1.3650109204251235,-0.4766254121197219,0.5715828563972544,0.42871690934912987,-0.9990599479766539,1.396814648768072,510.56630552687744,0.98,281.72713711249,0.978033766124812,True,False,False,False,False,True,False,-0.20433737360122248,0.4761773594366806,-0.0
P1001,0.565590176398697,-0.23028716650649614,1.7272960212768538,0.3368430830345597,-0.9985697974029362,0.7901890388599557,487.5814117009338,0.98,191.0299172032233,0.2476696778825149,False,False,False,True,False,True,False,-0.07757063914934115,0.22995780920288808,-0.0
P1002,-0.5535988652383002,0.30361447275131914,1.256126951810152,0.15187522619230015,-1.1225681300625103,1.3442318564967886,505.23538922799554,0.98,218.40242904139515,0.2386901688390247,True,False,False,False,False,False,False,0.04611151672436255,-0.3408279309363633,0.0
P1003,-1.1131933860567986,-0.11395195648957744,0.3884613232035839,2.387025495011047,-2.052473367846033,0.10342254736898611,507.3855560859894,0.98,204.18519611007773,1.0,True,False,False,False,False,True,False,-0.2720062253470109,0.23388335590880766,-0.0
P1004,-0.07394641882244422,-1.3789745572843686,-0.6322256741746956,-0.3060870215418177,-0.49097681557847905,0.31647304416784383,659.7809666285701,0.7054237827487037,289.08997435945224,0.5907693925677255,False,False,False,True,False,False,False,0.4220862150211191,0.6770445368992223,-0.0
P1005,1.3650109204251235,0.8662993668438298,-0.08895079220844622,-0.4261797123822118,0.7895673064118681,2.003207880413263,685.9462008975834,0.9119696720003592,287.2758925572916,0.8398266915566268,False,True,False,False,True,False,True,-0.3691992149983956,0.6840016576251895,0.8662993668438298
P1006,-0.23383056762772952,1.9500609777118387,-0.2823716957429303,-1.1947911465579872,0.2103843341776764,-0.9112034832333124,601.9700937203281,0.98,230.49464205999408,0.9699101598682672,True,False,False,False,False,True,True,-2.3299155914183176,0.41026228040177387,0.0
P1007,0.08593772998284108,-1.8388269956769194,-1.252965703505019,-1.5859056052772027,-0.1575673360758855,-0.13057719476668952,706.4920520112662,0.7080460599468418,321.9125169165911,0.4923072435931639,True,False,False,False,False,False,True,2.916206039579065,0.289739071213236,-0.0
P1008,-0.8733671628488707,0.6519589543113545,0.5704801589524481,-1.2600296724408317,0.16229373399943,0.8290035915263033,618.8511472889375,0.8077351514532428,229.27700523515668,0.7638968469392812,False,False,False,True,False,True,False,-0.8214876276458033,0.10580885310955351,0.0
P1009,-0.8733671628488707,0.824627072841333,1.467214191194756,-0.7452091918761439,-0.5003899867102156,-0.2295921364843576,550.1223736507835,0.98,200.57660218561503,0.9754110225693176,True,False,False,False,False,True,True,-0.6145196745512798,-0.4126351300199586,0.0
P1010,0.16587980438548372,-1.4011447150500171,-0.35706865487386574,1.336869797144175,-2.06466229975819,-0.6281542826756459,571.9691880556173,0.98,203.90888950365328,1.0,True,False,False,False,False,True,False,-1.8731480509785492,2.8928906696692023,-0.0
P1011,1.1251846972171955,-0.5820469952046258,1.7272960212768538,0.032555922044016986,0.8642290868551612,0.6375737191582936,691.0719857254782,0.7479469252686876,265.950674329519,0.8029297737494167,False,True,False,False,False,True,False,-0.018949076601836125,-0.5030219431724842,-0.0
P1012,1.4449529948277662,-1.0716009244988134,-1.588421593554259,0.1907748169081937,1.1723923166850705,1.4014221590180407,650.7313821726286,0.6689369373117787,309.14649775987937,0.5985703543328222,False,False,True,False,False,False,True,-0.20443447016991223,-1.256336690435027,-0.0
P1013,0.16587980438548372,1.5588870851279029,0.9656010260080824,-0.10644113371060654,-0.7568393398605254,-0.1709965223319592,542.5771763675021,0.98,191.6278837715918,1.0,False,True,False,False,False,True,True,-0.1659297086678368,-1.1798270724253006,0.0
P1014,-1.512903758070012,0.8669225908934862,1.5690713645025756,0.36726522562414243,-0.1378220587662528,-0.2005520574161245,489.57769881531175,0.98,203.9034973070715,1.0,False,False,True,False,False,False,False,0.31839052094316234,-0.1194810562679142,0.0
P1015,0.0059956555801984265,0.9115215616591732,-0.26488638048573393,1.431286960836129,-0.23020863810199155,-0.7107260111760425,473.1645341310952,0.98,228.0087344608502,1.0,False,True,False,False,False,False,True,1.3046489257237601,-0.20984013731015877,0.0
P1016,-1.5928458324726547,-0.03830369093865338,-0.24731090596143088,-2.0539768533135705,0.4005675299550178,-0.33620194134143006,639.9338590182059,0.714245752459072,250.77574565715304,0.6256341304107667,False,False,False,True,False,False,False,0.07867489458447079,-0.015343214867456783,-0.0
P1017,0.16587980438548372,1.0595700730488848,0.954259864271333,1.242722827293996,1.835850823027808,1.13286426161112,550.4068099699084,0.98,228.70661213631163,0.94716889189983,False,False,True,False,False,False,False,1.316751916895416,1.94521259066243,0.0
P1018,0.6455322508013397,-0.15706550353404464,0.4293895451961873,-2.588781306397065,1.2674628011100537,0.06529353372222205,638.4225039870198,0.5536421634832177,269.6227468303361,0.4729679112949974,True,False,False,False,False,False,False,0.40660823942877694,-0.19907468306702125,-0.0
P1019,1.2850688460224808,1.102939414016541,-2.0184963122054764,0.02130662428111764,-0.3802288403947916,-0.8782316979922403,616.1849263584918,0.98,256.5774491984255,1.0,False,False,True,False,False,True,False,0.023499915699286493,-0.41936937441722033,0.0
P1020,-1.5928458324726547,-1.5232175377521282,-0.8900506011689618,2.241882263996947,0.6055499038547042,0.258352593618809,554.4580526188909,0.98,253.21223741284177,0.827524378570238,True,False,False,False,False,True,False,-3.4148743820955962,-0.9223842335356005,-0.0
P1021,-0.07394641882244422,-0.7753729702504726,-0.07862954192403843,0.6909110408828206,1.3688582799629172,1.0983498630166388,600.0334681205828,0.8239060293887102,273.4402697448901,0.6746173484680795,False,False,True,False,True,False,True,-0.5357137459481583,-1.0613757103868,-0.7753729702504726
P1022,0.8853584740092676,1.5192501965183722,-1.4047036022040447,0.37522707833685176,0.4617446917283616,-0.6193582882037701,520.7770014072356,0.98,236.25725221094052,1.0,False,False,True,False,False,False,True,0.5700638125022767,0.7015057136496285,0.0
P1023,-0.793425088446228,-0.16868718953177295,-0.529039285092713,2.046927914811313,0.01886861910861011,-1.4358092372276454,535.1110535287792,0.98,257.1105117025081,0.9979558508670544,False,False,False,True,False,True,False,-0.3452905171236528,-0.0031828943277769466,-0.0
P1024,0.0059956555801984265,-0.977687818574995,-1.3802455420277886,-0.7291796325910073,0.5021191909763553,2.108697837134766,644.8918160894103,0.6851403108889201,287.2459882263224,0.6581437281475269,True,False,False,False,False,True,False,0.7129100443372182,-0.49091581649031407,-0.0
P1025,0.2458218787881264,-0.9876709527624353,-0.4273420324487944,0.4377364893271557,-0.7301567874928139,-1.4889715745668592,520.8553561486108,0.937725218758318,277.0561433518545,0.8472864676537368,False,False,True,False,False,True,True,-0.4323396154726355,0.7211546499689865,-0.0
P1026,0.4057060275934117,-0.9848556725208495,-0.39453810283871743,0.5856750066290668,-0.5736224587828187,-0.40333696859787177,636.4323184196995,0.9010329696215122,221.13221546393612,0.9118548783750748,False,False,False,False,True,False,True,-0.5768053525323226,0.5649353324176162,-0.9848556725208495
P1027,1.6048371436330515,0.6286476685614648,0.2785735294107024,-0.543770365967729,-1.1169750278857606,0.22615767905560594,588.2704785557905,0.98,177.67850384062635,1.0,False,True,False,False,False,True,False,-0.3418399727984273,-0.7021837471217606,0.0
P1028,0.48564810199605435,-0.24057441173074653,-0.15510490216908504,-0.4531577380044904,0.35314920609485395,-0.31112534154070587,658.0089218914325,0.7962720785578598,263.6329109212712,0.8415599577054168,False,False,True,False,False,True,True,0.10901815624166604,-0.08495866250944965,-0.0
P1029,-0.4736567908356575,1.9680113303876396,0.4262591517400261,-0.5657095477053244,-0.11698584649085993,-0.10079703604956466,517.8721147085485,0.98,186.4336690875129,1.0,False,False,False,False,False,True,False,-1.1133227995925454,-0.23022947138900143,0.0
P1030,-0.5535988652383002,0.9435450330070331,0.3096578855723116,0.08197259849228168,-0.8586590567847419,0.5932260857133153,540.5774074553657,0.98,233.9824332912548,1.0,False,False,False,True,False,True,True,0.07734483815007219,-0.8101834880757471,0.0
P1031,-1.512903758070012,0.08746780281656795,0.9430880527354153,0.5534235246352444,-0.15212958440394753,-2.567882128778102,518.3530823875803,0.98,260.6135869559225,0.9376844388555012,False,False,True,False,True,False,False,0.04840673972684559,-0.013306440491210913,0.08746780281656795
P1032,1.2051267716198382,1.1441656470014703,0.789025154378068,0.11883189816324617,0.5278505874226137,-1.3700957720751283,569.7829387784936,0.98,228.608099349693,1.0,False,False,False,True,False,True,True,0.13596337564636338,0.6039485088785009,0.0
P1033,-1.1931354604594413,-0.6060681160971145,0.6857090953516641,0.7204720023526264,2.07690686533693,0.026102880880422112,636.3999768404391,0.8228152093222909,254.53767002394756,0.7336824993465023,False,False,False,True,True,False,False,-0.4366551091665722,-1.2587470311839166,-0.6060681160971145
P1034,-0.07394641882244422,-1.8388269956769194,1.7272960212768538,-2.028541890079564,1.1090703283259882,-0.4514628443047536,694.6791780617276,0.5062077760960386,304.55792374093824,0.2304987775188758,True,False,False,False,False,True,True,3.7301375893397846,-2.0393884598300915,-0.0
P1035,-1.033251311654156,-1.0613412486308709,0.27431800228469383,-0.23162506555961326,-2.388595331857118,0.11677792147999477,599.625428922538,0.8934520900557643,233.61622995039556,0.9692425537425892,False,True,False,False,True,False,True,0.24583323629524725,2.535114751987103,-1.0613412486308709
P1036,1.3650109204251235,-0.01382904346278809,1.7272960212768538,-1.0579563200739088,0.28049958067040304,0.22139217500531871,638.1088172729161,0.8847948357506465,193.0057952272947,0.8454945816802072,False,False,True,False,False,True,False,0.014630523932033433,-0.0038790408923848377,-0.0
P1037,-0.3137726420303722,-0.3545398203211395,0.33769638386937906,0.3020156431116112,1.5564624229537478,-2.274191264754354,616.4508721949016,0.842839191823661,237.9653226739294,0.6939278610474661,False,False,False,True,False,True,True,-0.10707657184296404,-0.5518279077706272,-0.0
P1038,-1.4329616836673693,0.6101935375713669,-0.14639404992589142,0.2868214210162769,-1.4105918997224214,1.335224621968432,527.7917432936947,0.98,253.67242787238888,1.0,True,False,False,False,False,False,False,0.1750165775411684,-0.8607340613611391,0.0
P1039,0.2458218787881264,-0.2643029504235948,-0.430270175563494,-0.12629850614501048,0.6153022143636805,-0.5516140956745932,557.5563357226634,0.7833185401394727,300.3243764056704,0.7472710987790866,False,False,False,True,True,False,True,0.03338106780821879,-0.16262619065849196,-0.2643029504235948
P1040,-0.6335409396409428,0.5398114849770959,1.410864954865026,0.5160538576521065,-0.2298258698463474,-0.9426798676539706,584.1373971642356,0.98,152.70381183040496,0.9174483005570132,False,True,False,False,True,False,False,0.2785717992273425,-0.12406264408790954,0.5398114849770959
P1041,-1.033251311654156,1.2336159536359634,1.5387423656490034,1.0164019427389663,1.2572759123669608,0.20084247152072984,493.6686803593367,0.9440377301911326,188.7563460483992,1.0,True,False,False,False,False,False,True,1.2538496518693758,1.5509956236180944,0.0
P1042,0.32576395319076906,-0.26714296718635294,0.5211023004343284,-0.06974861855570935,0.45736147509462655,0.09308363219292488,565.9439091310355,0.8783672938238642,281.0906215501737,0.7986296403348723,True,False,False,False,True,False,False,0.01863285291812131,-0.1221809015335058,-0.26714296718635294
P1043,-1.5928458324726547,0.3620707570309693,1.0430282487412261,-1.0869750955084956,-0.9239546698324991,1.253283964993635,563.4541594964434,0.8848812062196526,212.79826152639384,0.9219747029260296,False,True,False,False,False,True,True,-0.3935618957045712,-0.3345369667685522,0.0
P1044,-0.15388849322508688,-1.7664492076578606,-1.3142767164535636,-1.6304568488317204,-0.1914502342493638,0.26848026975936373,717.0108374961602,0.5410575717436569,312.24541720608363,0.5388366666866653,False,False,True,False,True,False,False,2.8801192087391247,0.3381871145957005,-1.7664492076578606
P1045,0.48564810199605435,-0.26363967803065075,-1.5798138487399604,0.02942192853922211,-0.12802199587802765,1.2122015997800057,623.3049533932158,0.9704039753245158,267.9995000182622,0.8053871028695381,False,False,False,True,False,True,True,-0.007756787767121332,0.03375167777412451,-0.0
P1046,-1.1931354604594413,-1.284681218236287,1.1533072967854399,0.24058657672103853,-0.10816713970374807,-1.0200572437097168,614.2592297111557,0.8482074254468598,272.61078444867826,0.766126793807713,False,False,False,True,False,False,False,-0.3090770564732817,0.13896029280774572,-0.0
P1047,-1.1131933860567986,-0.015654512354715353,-0.1893797430571036,-1.0026443074275941,1.2240074069083093,0.1300352441086188,652.8689687023018,0.740608767175369,267.9617017695481,0.6979057693534321,False,False,True,False,True,False,False,0.01569590769801029,-0.01916123907370923,-0.015654512354715353
P1048,1.0452426228145528,0.06798954660811943,0.667305069969229,0.7372055702404304,-0.8795694084414873,-1.2080803793004646,465.88903915192645,0.98,213.33825020987015,1.0,False,False,True,False,False,False,False,0.050122272477627,-0.059801525290308535,0.0
P1049,-0.6335409396409428,0.06492715333295677,-0.7667615196608997,-0.4786575172711622,1.0994025665705858,0.0829840793115169,575.7506128728426,0.6932345542324447,297.9366976594738,0.7694619366120511,False,True,False,False,False,False,True,-0.031077870017837152,0.07138107901437464,0.0
P1050,-0.39371471643301487,-0.5918916214588579,1.5548618618742327,-1.707608056898228,-0.3001717595418053,-0.1427282472059545,597.8421428983569,0.8027724961592171,239.9737155657728,0.670949767479887,False,True,False,False,False,True,False,1.0107189016137017,0.17766914947135753,-0.0
P1051,1.1251846972171955,1.9684811718859037,-1.5716381188112292,1.2818232521069286,0.2635612803028988,-0.18852742109441448,522.9380862170718,0.98,247.9984801587972,1.0,False,False,False,False,True,False,True,2.523244937458047,0.5188154179143994,1.9684811718859037
P1052,1.4449529948277662,-1.3179123404424,-1.420238193701566,1.1664192250656158,0.10151237601901074,-0.17918871185456386,626.3322748241669,0.8747212790300298,295.5456477518832,0.8331269939821354,True,False,False,False,False,True,False,-1.5372382908432363,-0.13378441306308342,-0.0
P1053,-1.4329616836673693,-1.3742362143170628,1.3469013956271558,-2.0762149930406033,0.0005272359230569692,0.7631262938942831,678.5630200249544,0.4982317734910886,245.08507813630453,0.4791066721810997,False,False,True,False,True,False,True,2.8532098321444455,-0.0007245466989537716,-1.3742362143170628
P1054,-1.5928458324726547,1.3755276694131933,-2.6173452244061375,-0.5850250849132956,0.009322152671228523,-1.7326444009720363,542.5222193371782,0.98,292.5205781853409,1.0,False,False,False,False,False,False,False,-0.804718191599041,0.012822878937768943,0.0
P1055,-1.273077534862084,-0.7984438687069917,0.3047930771561349,-0.6250331276620195,1.586521452056787,-0.9791776890105685,715.0998579727668,0.6352223877039721,291.3261412347571,0.5511839670891837,True,False,False,False,False,True,True,0.4990538685204938,-1.266748325966855,-0.0
P1056,1.6048371436330515,-1.019974532839848,-0.17032636014810695,1.6749437487938772,0.92720199572607,-0.06423070154057575,589.0319814519031,0.7972944735207104,273.8953270120092,0.7343907335565432,False,False,False,True,False,False,True,-1.7083999677090584,-0.945722422438873,-0.0
P1057,-1.4329616836673693,1.9725752708791082,-0.7850115881997605,-0.10953989776439792,-0.36500483731726757,-1.276141476736909,436.5613887666253,0.98,244.53379459607336,1.0,False,False,False,True,False,False,False,-0.21607569350467704,-0.7199995158432939,0.0
P1058,0.565590176398697,0.8292289698027813,-0.26088636604462245,-1.5428333572844692,1.7210090410572283,0.028077902906338412,658.145943125341,0.7349386656016585,227.96027099923975,0.4824823111507116,False,True,False,False,False,False,True,-1.2793621154383668,1.4271105541371578,0.0
P1059,-0.3137726420303722,-0.6972536526833876,-0.894108899916392,0.8976527295043287,0.31842691957009717,-0.07517822819695147,593.9192733965871,0.9434502985803088,332.17263223735097,0.7720603604857128,False,True,False,False,False,False,True,-0.6258916444881061,-0.2220243327829695,-0.0
P1060,0.32576395319076906,0.05094996630877766,1.4426736990566136,-1.2707627243809823,0.40736054790370746,-1.5158351765047555,645.0920145251733,0.7848129277729071,229.8210305525305,0.7781318295880345,False,False,False,True,False,True,False,-0.06474531799366157,0.020755006191219103,0.0
P1061,0.9653005484119103,2.459606087167224,1.6990992620420584,-0.27482067198130905,-0.8738857212810008,-1.5684484395652298,492.4200445880292,0.98,149.2228913588757,0.6572861195863551,False,False,False,True,False,False,True,-0.6759505976846147,-2.14941463955127,0.0
P1062,-0.9533092372515134,0.48782795716168664,-0.7359108317546461,-0.7976389181077681,-0.509522297158731,-2.6831836815059047,525.4339064882093,0.9727364257158856,286.4682339613014,0.8532021796266203,False,True,False,False,True,False,True,-0.3891105639731704,-0.2485592213512736,0.48782795716168664
P1063,1.1251846972171955,1.035664069230968,0.2040342371222214,-0.5828235173576689,-0.7143221758891252,-1.3208731159119649,544.3976799805336,0.98,201.94778282480704,0.9793021478366362,False,False,False,False,False,True,True,-0.603609375630149,-0.7397978114232506,0.0
P1064,-0.6335409396409428,0.5921215868878382,-1.3610714448453103,0.9542556910383696,0.11619677500964624,-0.0057749808597340295,530.9115301398998,0.98,259.8727405203135,1.0,True,False,False,False,False,False,False,0.5650353940743901,0.06880261880996084,0.0
P1065,0.7254743252039823,0.7077194358961794,0.9838751894605973,1.5536795627158115,0.7088256280287927,0.14529128266938166,533.5094361374321,0.98,249.5416116719567,1.0,False,True,False,False,False,True,True,1.0995692236886567,0.5016496736172922,0.0
P1066,-0.5535988652383002,-0.11285524760777232,0.958409746214806,-1.315501732379302,0.4176625138061254,0.19396799960674876,679.2189906915904,0.7263367301446785,273.2005693601516,0.7437700352062431,False,False,False,False,False,True,False,0.14846127373611956,-0.04713540641207491,-0.0
P1067,-1.1131933860567986,-0.13901858303220924,-0.3540948374415866,0.6348949017117261,1.7266456145999307,-0.849403900355247,558.1696958332122,0.831728270199858,287.2419447610728,0.7739264142072079,False,False,False,False,False,False,True,-0.08826218961033792,-0.24003582674046042,-0.0
P1068,-0.6335409396409428,0.09660159204646039,-0.04886986718805124,-0.7596507579916586,-0.9279675204045963,-0.04051797710760095,575.5036970894503,0.9279473652534238,215.6034590710584,0.8293308169150952,False,False,False,False,False,False,True,-0.07338347262129462,-0.08964313983849022,0.0
P1069,0.08593772998284108,0.527296232107188,-0.1570665389365306,-0.7277520837678852,0.14707271291758284,0.40198362916196884,537.8443063459171,0.98,246.2177526401385,0.8072406109716234,False,True,False,False,False,True,True,-0.38374093167896056,0.07755088736722358,0.0
P1070,1.4449529948277662,-0.4843478639924688,-1.6479466485130172,0.4958947758065593,-1.3516902031117146,-1.3713108632908526,443.2476535600016,0.98,244.51125178708463,0.8109538154802565,True,False,False,False,False,False,False,-0.2401855754269312,0.6546882626567053,-0.0
P1071,-0.07394641882244422,-0.0370074592848054,1.4463387787789688,-1.062557618958267,-0.9645442429208227,0.11030123157959891,573.1503597070827,0.9138834267118902,221.7263357712053,0.9698659925167296,False,False,False,True,False,True,True,0.03932255782135784,0.035695331798285795,-0.0
P1072,-0.4736567908356575,-0.4354482031515011,-0.8153254084597399,0.47533458977337273,1.3798180213564253,0.6780349813672251,610.6746821930924,0.7435188082206625,326.72665263513375,0.7794053100859488,True,False,False,False,False,True,True,-0.20698359301257105,-0.600839278075715,-0.0
P1073,-0.3137726420303722,1.7064885968349477,-0.8086723297062126,0.7416663482385432,-0.47270880031838036,-0.5436321486526835,571.7327232094432,0.98,269.5269563987449,0.6437496198306938,False,False,False,False,False,True,False,1.2656451659252912,-0.8066721773668444,0.0
P1074,0.16587980438548372,-1.3022242444674592,-0.21246454991981262,-0.4515383460822227,-0.8374780703046867,1.1101062857540038,605.2854827547701,0.7284990642075222,267.6353124267094,0.7144995231831766,True,False,False,False,False,True,True,0.5880041815750086,1.0905842473605862,-0.0
P1075,0.32576395319076906,2.2518393698328603,0.9080903704617944,1.354321765782462,-2.259903723309139,-0.5187806141172662,344.1460946752003,0.98,176.5284633762127,1.0,True,False,False,False,False,True,False,3.049715071610506,-5.088940176179386,0.0
P1076,0.2458218787881264,-0.8248539457800387,-0.6435706798097185,-1.3139170119039565,-0.8481904958140929,-0.9368738859434333,581.1066234102948,0.7776540105088109,278.5269026522311,0.7297479600507732,True,False,False,False,False,False,False,1.0837896316964966,0.6996332772453819,-0.0
P1077,1.5248950692304089,-0.4825489504877396,-1.974273145285209,1.373131591416828,-0.19619889307349375,0.5719320404779856,608.9925736893655,0.98,250.7011787411733,0.8573216915238602,True,False,False,False,False,False,True,-0.6626032083197501,0.09467556993947066,-0.0
P1078,0.565590176398697,-0.9043986821678611,-0.9327080615175777,-2.0027207297876903,-1.4315318538965587,2.108697837134766,585.6904471248941,0.751819186425694,255.71535623655396,0.773593917914303,False,False,True,False,False,True,False,1.8112579887702442,1.2946755221453627,-0.0
P1079,-0.5535988652383002,0.41787782299250026,0.34935401261476207,2.387025495011047,-0.2578550811994356,0.0698625908272661,560.8567048821976,0.98,294.68621474568386,1.0,False,True,False,False,True,False,True,0.9974850172828117,-0.10775191997917453,0.41787782299250026
P1080,-1.6727879068752973,-0.33008522616207975,1.7272960212768538,-0.4245162624436366,1.386307850347585,0.655062267199638,667.1901622523678,0.7901486499538243,283.1786689586902,0.718737364962272,False,False,True,False,False,False,False,0.1401265464981886,-0.4575997403122492,-0.0
P1081,0.2458218787881264,-0.6010693850363921,-1.2973598806821462,-1.2004947060446365,-0.7344819414935155,-0.5627412044817538,609.6624290408985,0.7700998056349074,259.56480035394446,0.6704003707437027,True,False,False,False,False,True,False,0.7215806147016939,0.44147460889384266,-0.0
P1082,-1.1931354604594413,0.455818762182468,-1.3331304270629143,-0.24642484641650195,-0.9876099971615039,-1.3431779082355493,508.2829570486372,0.98,224.55979442487228,0.9636525998846144,False,True,False,False,True,False,True,-0.1123250684645747,-0.4501711664251874,0.455818762182468
P1083,-1.033251311654156,0.5800006172531041,-1.5444319671080213,-1.0816210273955456,-1.181166077565346,0.15602277902259662,588.4892679442901,0.9453966324837124,221.00589479822403,0.8310331932130948,False,False,False,True,True,False,False,-0.627340863523353,-0.6850770540663286,0.5800006172531041
P1084,0.16587980438548372,-0.2110999458452565,-1.6658087053027937,0.3894989579102266,-1.2003188036674608,0.3244141020629228,535.1620404328305,0.98,275.23424701248155,1.0,False,True,False,False,False,True,False,-0.08222320892163267,0.253387234451244,-0.0
P1085,-1.6727879068752973,-0.760983415876006,1.113573020826775,1.39596758315026,0.598166128621171,-0.402153402108648,522.6460974290004,0.9462549957278223,297.2372317820205,0.836934508197524,False,False,False,True,False,True,False,-1.0623081798778573,-0.45519450381946513,-0.0
P1086,-1.1131933860567986,1.8695132754984172,1.3961612041070262,-1.0272056835291519,0.07609119172083957,0.6509611768333541,545.635103396249,0.98,208.95742489768284,1.0,True,False,False,False,True,False,False,-1.9203746620251751,0.14225349307060484,1.8695132754984172
P1087,0.16587980438548372,0.1638843758801851,0.10843342286823716,0.5869908482504484,1.0498718150495305,-0.7175325957592095,592.876185436618,0.969309262315122,261.9844807427107,0.9982617871497484,True,False,False,False,False,False,False,0.09619862881290518,0.17205758716358943,0.0
P1088,-0.8733671628488707,-1.3234848711300349,-0.5227210349605665,-1.5806592851315413,2.189624983477593,-0.9816251723843182,752.8373867667675,0.4958447097939191,300.7593173204989,0.2869478799381071,False,True,False,False,False,True,True,2.091978650282811,-2.897935539080947,-0.0
P1089,-0.39371471643301487,1.1535119853766826,1.6860420894550703,1.0524676334076641,-1.938680863642057,1.1084116636219206,474.40747471484895,0.98,183.0016167886405,1.0,False,False,False,False,False,False,False,1.2140340293567733,-2.236291612031531,0.0
P1090,-1.1131933860567986,-0.9380416712305586,0.10467090266577384,0.41953938922098105,0.4314367348058044,1.1134215183061438,587.0985826437555,0.7390875768614658,249.89526532221137,0.7918894532167055,False,False,False,True,True,False,True,-0.3935454298118969,-0.4047056357474921,-0.9380416712305586
P1091,1.0452426228145528,2.3770671712874414,0.9998963885469686,1.0968324453881921,-1.1755024513059975,-0.6965155056680009,479.5185445780306,0.98,122.28090133159836,1.0,False,False,True,False,False,False,False,2.607244398335197,-2.794248286767401,0.0
P1092,1.0452426228145528,-1.268718764159007,-0.5703764089889108,-0.13320004871892396,0.8697837578284033,1.8093122506894286,651.9983228983883,0.8271037508316529,309.30657688651166,0.96635668794091,True,False,False,False,False,False,True,0.16899340119659273,-1.1035109743176288,-0.0
P1093,0.8853584740092676,0.7842587384847322,-0.022117792533659152,-0.45423166051222114,-0.26764299314976187,-0.32675644977525437,554.613996687385,0.98,202.7334763240906,0.9259356678973734,False,False,False,True,True,False,True,-0.3562351490531397,-0.20990135617191005,0.7842587384847322
P1094,-1.3530196092647266,-1.8388269956769194,-1.27528226691157,0.829930966312822,0.05320353566923939,0.06925481600220129,629.205980530769,0.7862237737846242,291.16445457745834,0.8467944167889189,False,False,True,False,False,True,False,-1.5260994654042492,-0.09783209765405729,-0.0
P1095,1.6048371436330515,-1.3327657664961217,0.5499139844967283,-1.3500667496278194,-1.3519454980478471,-0.11117060465874053,570.4330643677835,0.7874214578173562,262.44164566975167,0.7130205698649886,True,False,False,False,False,True,False,1.7993227463886483,1.80182667796672,-0.0
P1096,1.3650109204251235,1.079628203595621,0.12132295317637908,-1.7962702441005132,-0.43331762530987405,0.5367053635560615,535.1592988560446,0.9725733355732346,253.738113166868,0.8668230686149747,False,True,False,False,False,False,False,-1.9393040168105047,-0.46782192939961975,0.0
P1097,1.5248950692304089,0.1433794320134997,-0.940105464499826,-0.012729774953951322,0.1200453989729801,0.2679993043848191,599.7529819832243,0.900977696090951,263.8769499358386,0.842804786406029,False,False,True,False,True,False,True,-0.0018251879025572148,0.017212041120579846,0.1433794320134997
P1098,0.48564810199605435,1.7325195642041031,-0.9269477898515021,-0.40747416684588345,1.4779262198542524,0.2536669654259669,523.9943159454692,0.98,216.66462584285088,0.9914369005052076,False,False,True,False,False,True,False,-0.70595696596826,2.560536090347707,0.0
P1099,-1.1931354604594413,0.29759573173254433,1.5147417947791861,0.5607529643781054,-0.8280389992192446,-1.1067202911841203,471.22947881311177,0.98,202.6287163849768,1.0,False,False,True,False,False,False,True,0.16687768875529566,-0.2464208718757348,0.0
P1100,-1.033251311654156,-0.015590505038693673,1.7272960212768538,1.1126044848951053,-0.5665569859879013,-1.8191140731272126,675.327942189534,0.9749442562710626,200.61146741454928,1.0,False,False,True,False,False,False,True,-0.01734606582783032,0.008832909544751475,-0.0
P1101,-1.1131933860567986,1.4295214361441226,-0.27378922495209446,0.5393864967444649,1.0363969287357904,1.1952161690089116,468.9452326248072,0.98,236.86665079334165,0.9780960093558462,False,False,False,True,False,True,True,0.7710645594628946,1.481551625981745,0.0
P1102,-0.793425088446228,0.7813293695759436,0.0008705637504124216,1.0308628946588674,-0.8974973730025806,-0.6018523048690553,589.0131325603635,0.98,249.054658383348,1.0,True,False,False,False,False,False,False,0.8054434556030452,-0.7012410566441718,0.0
P1103,0.9653005484119103,-0.3303234873713737,0.325860878499437,0.3218535304074988,1.2487995711060087,-0.07324108580608527,593.4620313454212,0.7634597035818056,204.5747752930335,0.6829262494167958,True,False,False,False,True,False,False,-0.10631578058699347,-0.41250782935561253,-0.3303234873713737
P1104,0.8853584740092676,-1.1576536570226887,0.07936846344851366,0.499958375246017,0.01416459224851823,0.3269686414306368,603.158745521537,0.8096763085704852,258.48736176474847,0.7422710540627266,True,False,False,False,False,False,True,-0.5787786414626733,-0.01639769201673236,-0.0
P1105,0.08593772998284108,-1.8388269956769194,-1.7025482045404106,-0.12736080754137233,0.34892297841736064,1.7136440537339188,627.5086074119264,0.7403234647718909,296.84029912225753,0.5779274780724679,True,False,False,False,False,False,True,0.23419449109828802,-0.6416089921258379,-0.0
P1106,0.16587980438548372,-0.5527690859090933,0.3530015468188098,0.4696313856803832,0.41797346191676177,0.15079673040127883,623.9264630897964,0.93908940462074,228.204857147923,0.8002060939929444,True,False,False,False,False,True,False,-0.25959771177676627,-0.23104280847798764,-0.0
P1107,1.2051267716198382,-1.2426412249004977,-2.1069675287500518,0.16339577595039043,-0.6368186970134275,-0.44143242567894503,545.0781129791284,0.8534718453799801,302.1864398684267,0.7880360810674676,False,True,False,False,False,False,True,-0.20304232717056045,0.7913371656963045,-0.0
P1108,1.0452426228145528,2.2442162582097747,-0.7818163268844497,0.32608640134514205,0.4419532214535103,-0.5785300922336779,413.4102771396289,0.98,183.89731903152963,1.0,False,False,True,False,False,True,False,0.7318084034798855,0.9918386049541528,0.0
P1109,1.4449529948277662,-0.748769400001647,0.42883808856992245,-0.17874359142793467,-0.804245564099597,-0.06080718384820748,651.5346310825759,0.9293943843106616,211.78627770232572,0.9352922395394646,False,False,False,True,False,True,True,0.1338377317076342,0.6021944684848415,-0.0
P1110,0.0059956555801984265,-0.7739604474259387,0.5213079875333093,0.8225537945325211,-0.5144591845836859,-0.9893757785597059,540.4872491412452,0.8198686050881443,269.241913891086,0.9744703615053346,False,True,False,False,False,False,False,-0.6366241028482937,0.39817106068277314,-0.0
P1111,0.4057060275934117,-1.5512486262673113,-0.857489008405604,-0.7367635146608333,0.6229489858614062,0.009721394204496173,692.5021058228637,0.6021373704156942,334.55662443370863,0.5394119480925145,False,False,False,True,False,True,True,1.1429033900014938,-0.9663487585521211,-0.0
P1112,1.0452426228145528,-0.39487770862283605,-0.5136509080919641,-0.02646867783121951,0.33849131009217936,-0.07642110086717722,552.1234886567166,0.7374390537935738,264.0868392706231,0.8129990358378777,False,False,True,False,False,True,False,0.010451890852268017,-0.13366267291794165,-0.0
P1113,-1.6727879068752973,-0.7618210068812296,-0.646047794233612,1.3386255698779594,-0.056471747470691405,1.726973306085252,599.4458026080954,0.8896425097506986,238.45332465338493,0.8912178499792234,True,False,False,False,False,False,True,-1.0197930794813868,0.04302136351846465,-0.0
P1114,1.0452426228145528,1.4517798095488874,-0.1659439188509295,-0.9812954775446189,-1.3257341609066269,-0.11005100469467703,574.4202819497505,0.98,183.17644155756813,0.8988178769732328,False,False,False,False,False,True,False,-1.4246249615009112,-1.924674087633477,0.0
P1115,1.2051267716198382,0.005768963138026437,-0.09158061781034592,-2.226304961066657,-1.0581357519002594,-2.070342671543922,575.771726789499,0.9143259633549056,257.34247734169026,0.7647162661276532,False,False,False,True,False,True,False,-0.012843471254398928,-0.006104346147740484,0.0
P1116,-0.6335409396409428,-0.15764368145645555,0.5882634001826045,0.3684517878568505,0.3206013564658761,2.108697837134766,499.8771913562056,0.7714080633865119,250.47623557253004,0.887637468141452,False,False,True,False,False,False,True,-0.058084096276966875,-0.05054077811321413,-0.0
P1117,-1.512903758070012,-0.2735719345760035,-0.5708143968525087,-0.27134567369197077,0.8089257116506356,0.997869133903112,674.2528252359663,0.7928547627247018,268.815151521878,0.6303767743967443,False,True,False,False,False,False,True,0.07423256089074141,-0.22129937186453474,-0.0
P1118,-1.6727879068752973,2.554132668000022,0.2997351126039402,1.029794459593477,-1.1658805004367494,2.108697837134766,537.8715832173199,0.98,222.44001180912824,0.3478707183576199,False,False,False,False,False,True,False,2.630231670573128,-2.9778134731497157,0.0
P1119,-1.3530196092647266,-0.5662800521900746,0.4303914765171176,-0.14158291903910442,-0.8765728935098591,-1.253414005990957,558.62174797082,0.9377011054039036,238.679015260204,0.855344602756574,False,False,False,False,True,False,True,0.08017558278268716,0.4963857438851677,-0.5662800521900746
P1120,0.32576395319076906,-0.6305561199966068,0.12851154674626572,-0.627860940719604,0.16778392115273275,-0.25724231635921446,562.5805717925477,0.98,277.4005880162885,0.6834874557718169,False,False,True,False,False,True,False,0.395901558677573,-0.10579717831988376,-0.0
P1121,-0.6335409396409428,1.337739750472491,-0.31922916002020796,-0.08544755638936848,0.14484122194231563,0.697117350020013,480.3837987128327,0.98,208.1398372810252,1.0,True,False,False,False,False,False,True,-0.11430659276279789,0.193759860099244,0.0
P1122,1.3650109204251235,0.27446689063084795,0.11125891312398294,1.114161524416966,-1.717337570357274,0.5501558074296254,555.1785607178289,0.98,192.9686109822441,1.0,False,True,False,False,False,False,False,0.30580044926725025,-0.47135230309949605,0.0
P1123,0.4057060275934117,-0.3795942598344851,0.6696888629574552,0.5828553216054703,0.1971390824213797,0.30581919046561806,557.0333975800104,0.8183292110915881,214.4729500734529,0.8855822582104418,False,True,False,False,True,False,False,-0.22124853439541925,-0.07483286407619318,-0.3795942598344851
P1124,-1.033251311654156,-1.028054377184976,0.755194246023812,-2.5055125197480947,-0.6176765671320206,-2.3633103823025836,596.478161979895,0.6255673955712844,235.01847080807272,0.6305339402919642,False,True,False,False,False,False,False,2.5758031130187873,0.6350050985246634,-0.0
P1125,-0.5535988652383002,-0.40299272930404906,1.7097336763136617,0.18301285091210814,1.783476109768059,-1.8445399463707521,632.1556493105362,0.6710011957210824,233.12511874533396,0.755721371159712,False,False,True,False,False,False,False,-0.07375284828678548,-0.7187279051239979,-0.0
P1126,-0.5535988652383002,0.36938127252467456,-1.0334514372235972,0.2343215545962153,0.2911039519895527,1.5949230654697444,524.5047431204699,0.98,262.1839595042575,0.8461902563504279,False,False,False,False,False,False,False,0.08655399401671,0.10752834822286274,0.0
P1127,0.32576395319076906,-1.5616450169904685,-0.4956300609994066,-0.026367018539111935,0.47582114728014696,1.784265663642021,602.9963882885326,0.734095165016019,291.13284018259964,0.5787265298941323,True,False,False,False,False,True,False,0.041175923114499455,-0.7430637236287293,-0.0
P1128,1.6048371436330515,0.6167611539881321,-1.6430681172890946,-0.6345839430339205,0.503576565156453,-0.13459624945513748,555.8421383848558,0.9222256880922112,235.5747156178041,0.8839062926733651,False,False,True,False,False,True,True,-0.3913867250079399,0.31058646344727375,0.0
P1129,-0.7134830140435855,0.0418318767929815,0.8449824984480351,1.2182916819811838,-1.2776939734402617,1.4595868772096157,518.4689315317479,0.98,231.39650392521887,1.0,True,False,False,False,False,False,True,0.05096342753855108,-0.053448336876088,0.0
P1130,0.8054163996066249,-0.2869482839957123,-0.3924697899803529,1.2690948723144866,2.1081778195478926,-1.1106242204704315,547.2887011162961,0.7792259897197211,326.7218469199224,0.7537438658169722,False,False,False,False,False,True,True,-0.36416459583839955,-0.6049380076770903,-0.0
P1131,1.3650109204251235,-0.7571017107680242,0.1362379218104752,-2.268705887082263,-1.7162160661129908,-0.8669818430484689,668.2660802504828,0.8141268707038749,243.37452837932287,0.8112383401736869,False,False,False,False,False,False,False,1.7176411083394694,1.2993501197017139,-0.0
P1132,0.8054163996066249,-0.5884408401425624,-0.6563169561934005,-0.8265704820878319,0.8770789985578604,-1.1948043273049356,659.786949367505,0.7003897150979188,215.97065714411733,0.6200761007994458,False,True,False,False,False,True,False,0.4863878289168066,-0.5161091027827847,-0.0
P1133,-1.4329616836673693,0.4009203850463693,-0.3848393328333422,-0.15617213371280136,0.6872534122163326,-0.9260747852203984,560.486837029804,0.853362462110038,303.7458364598014,0.7858455450551325,False,False,True,False,False,False,False,-0.0626125919816494,0.2755339026502032,0.0
P1134,0.6455322508013397,-0.26761814372933423,1.1306836082218503,0.9658015041463784,-0.4875457067207034,0.748544640322646,514.1923837860079,0.9760576844993728,249.6705748527612,0.9271330084503911,False,True,False,False,False,True,False,-0.2584660057506527,0.13047607701580105,-0.0
P1135,1.2051267716198382,-0.6112583842348049,0.613457298502937,0.02813158264884761,0.7384910886225575,-0.9393140376030087,608.1826385876685,0.7711468418626891,311.263379882308,0.8878017483112317,False,False,True,False,False,True,True,-0.017195665755902464,-0.4514088696032267,-0.0
P1136,0.08593772998284108,0.2822887246403143,-0.17442936842199644,-0.7091988073347618,-0.31660200013490875,2.108697837134766,605.3682196007951,0.8826565214992593,266.091040283786,0.865483528776831,False,True,False,False,False,False,True,-0.2001988268389619,-0.08937317483665601,0.0
P1137,1.3650109204251235,-0.4559482453339335,0.6854060525245098,0.7205456483728573,-0.7003381700269693,0.4688846812558226,557.8129489323157,0.98,254.09431932549643,0.531312854572533,False,False,False,True,False,False,False,-0.32853152405860575,0.31931795976417465,-0.0
P1138,-0.5535988652383002,-1.3005460095190993,0.7070024203034514,-0.22452823086563692,0.527379783315837,1.1338449645313047,681.8349562150804,0.7491020423199818,276.65096919305233,0.5164806988118941,False,False,True,False,False,False,True,0.2920092946766871,-0.685881672692459,-0.0
P1139,0.565590176398697,0.37712325200819924,-0.44812556052093444,-0.12812400300597854,-1.055350867797266,0.5006921008392927,517.1956508288926,0.98,222.74807749970284,0.972102465128678,False,True,False,False,False,True,True,-0.04831854067392292,-0.39799735127338015,0.0
P1140,1.1251846972171955,2.155749761208162,-1.5018810562674507,-0.03550963767706405,-0.21654420926345516,1.2720030058904874,366.670798110567,0.98,229.3473340493294,1.0,False,False,True,False,False,True,False,-0.07654989294291917,-0.46681512741070375,0.0
P1141,-0.7134830140435855,0.28326298514975895,-0.9446018829897774,0.5817662429393821,-0.613182812710848,-0.9453279835875043,584.3239176107468,0.98,226.1103103294226,1.0,False,False,True,False,False,False,True,0.16479284263436925,-0.17369199397100035,0.0
P1142,0.8054163996066249,-2.2072805626919765,-1.3761809037462363,-0.32429691529749033,-0.3363376781490764,1.5197580689388712,631.8552714593875,0.76565531278602,303.13982204711493,0.8607458468400131,False,False,True,False,False,True,False,0.7158142776771167,0.7423916194794062,-0.0
P1143,-1.1931354604594413,0.01396928800728449,1.0732311366879244,0.6973648828623513,0.4878891822443762,0.1290532602107832,593.6903188072047,0.9579685260617375,175.08802834728846,0.9045959202306844,False,False,False,True,False,False,True,0.009741690894870397,0.006815464502410202,0.0
P1144,0.0059956555801984265,-1.8365067862512563,1.243060087498866,-0.08262688907887272,-0.6133861315988721,1.2666749240210418,698.5577625094348,0.7216419833219486,259.46073831093514,0.6589734277928334,False,True,False,False,False,False,False,0.15174484252017956,1.1264877932737347,-0.0
P1145,0.48564810199605435,2.769144081289909,1.4858132537132835,-1.102699510645739,-0.1823067788505378,-1.5539651449883738,581.243064415863,0.98,205.49054373433245,1.0,False,False,True,False,False,False,False,-3.053533823345927,-0.5048337376329951,0.0
P1146,-1.5928458324726547,1.3495608467984812,-2.040149437709147,-0.045380306940087455,-0.5155767071185032,0.17126901336635328,460.7748329754358,0.98,229.29991266480437,0.3763901115317994,False,False,True,False,False,False,False,-0.06124348546203942,-0.6958021374484198,0.0
P1147,1.6048371436330515,-0.7631143309881051,0.982260559674861,-1.0495347281069896,1.5721945173706031,0.13363198945827864,665.3304032118164,0.6791498314716261,316.4210968657999,0.671175371100955,False,False,False,True,True,False,False,0.8009149918881481,-1.1997641673064345,-0.7631143309881051
P1148,-1.273077534862084,-1.8388269956769194,1.7272960212768538,0.034426720333047035,0.39126447839269923,-0.6804290094173913,706.4739532113924,0.7238412494098967,260.8881636752071,0.6539581641995015,False,False,True,False,True,False,True,-0.0633047827210264,-0.7194676853179441,-1.8388269956769194
P1149,0.48564810199605435,-0.9588634815874022,1.0219472916242904,0.843638522687217,0.2598712518609699,0.31240123627320343,562.9687097779135,0.7638457782390122,282.0542157541056,0.8745585358896529,False,True,False,False,False,True,False,-0.8089341710651174,-0.24918105332388624,-0.0
P1150,0.48564810199605435,-0.3162523035109149,-2.1689034423202393,-1.1094857316275786,0.756684777604516,1.618442406830262,602.2898995962228,0.7337629494403491,269.0505329475037,0.5857189568666498,False,True,False,False,False,True,False,0.3508774183397144,-0.23930330394907254,-0.0
P1151,-0.15388849322508688,-1.2941973363141197,1.6637032427523502,0.3662106292171518,-0.6131375949516863,-0.7623338651663067,595.9501701018785,0.8064963199639585,276.0367299164403,0.8610726487601494,False,False,False,False,False,True,False,-0.4739488208627556,0.793521042180518,-0.0
P1152,0.6455322508013397,-0.21307758376358177,-0.024615952834973684,-0.8584653189798312,0.9452231770185224,1.003215409543905,619.1367142164866,0.7738369216951138,271.30512513004163,0.6490199619266406,False,False,True,False,False,True,True,0.18291971591305495,-0.20140587067644308,-0.0
P1153,-0.8733671628488707,-0.32232284143457285,-0.29262579262838095,0.199364704849088,0.39508732771720373,-1.2215778836917175,580.2178880039938,0.888746481675935,257.2102867721258,0.7546971064319843,False,False,False,True,False,False,False,-0.06425979814872301,-0.12734567008460138,-0.0
P1154,0.48564810199605435,-0.03415021732050963,0.37571112644593535,0.8751765536259083,-1.6497163981486986,2.108697837134766,493.42664090392464,0.98,154.01276457319676,1.0,False,False,False,False,True,False,True,-0.02988746950013942,0.05633817351398645,-0.03415021732050963
P1155,0.2458218787881264,0.06213402831347854,-1.0911241408549512,-2.193122746202962,-1.5072607158914344,0.8144642211692342,545.24378117904,0.8821177355700672,230.2465571612112,0.8113636744457771,False,True,False,False,False,True,False,-0.13626755080750866,-0.09365217999699232,0.0
P1156,1.3650109204251235,-1.0392579352185491,-0.0626598070482345,-1.1514061738035317,-0.5897228896377451,1.8159855759470342,657.0804235691768,0.7883671956205565,264.52730098418,0.6127437488635076,True,False,False,False,False,True,True,1.1966080027849484,0.6128741926360393,-0.0
P1157,0.8853584740092676,0.23816983788055587,1.5191137824629246,-0.3863151018676631,-1.3925067117815968,0.6946248023730188,639.3340278838414,0.895417927972385,246.4979289209001,0.7051670340664165,False,False,False,True,False,True,True,-0.09200860518263175,-0.3316530977926089,0.0
P1158,-1.6727879068752973,-0.10746424976239892,0.543213838455518,0.3156836704350237,-0.2315803224527841,0.39492206602754165,623.3601797825985,0.9013828471538542,277.921868199543,0.8510100637848956,False,True,False,False,False,False,False,-0.033924708805540216,0.02488660561212287,-0.0
P1159,0.4057060275934117,-0.7309125147774505,-0.008274140454102763,-0.17839393261370112,-1.063046215849908,0.8233373184135511,561.3866874966642,0.912141148692484,296.313050343993,0.7998896892042359,False,False,True,False,False,False,True,0.13039035790771933,0.7769937829515088,-0.0
P1160,-0.7134830140435855,0.6867482194523139,0.022240493610703738,-0.054724086053015326,-0.08087351836229062,-0.16632507735269964,578.6661395481385,0.98,263.182910978298,0.945250079155432,True,False,False,False,False,True,False,-0.03758166865806348,-0.0555397447361471,0.0
P1161,1.5248950692304089,-0.11640025538875878,-1.2205753256683305,2.0890451343157483,1.5375753282767937,-1.7437980361000165,574.5747055194255,0.98,273.0657177860655,0.8285392347153653,False,False,False,True,True,False,False,-0.24316538715299701,-0.1789741608908734,-0.11640025538875878
P1162,-1.512903758070012,1.5690580758790125,-0.21204216626783148,-1.2519629785816684,-0.029035643133072227,0.45539153102472074,514.6282727203171,0.98,210.8196637899997,0.9174294690647504,False,False,False,False,False,False,False,-1.9644026222451099,-0.04555861034628797,0.0
P1163,1.3650109204251235,0.6065694646128209,-1.6634329307868816,1.1576928312062835,-0.30093816232620063,-0.8255344970033016,545.5118011847551,0.98,269.4683156363364,1.0,False,False,True,False,False,True,True,0.7022211208108963,-0.1825399000037697,0.0
P1164,-1.273077534862084,0.867557113609774,0.9343863600812949,-0.36681435165822224,0.4401903020147494,-1.194145809393719,531.2944299479412,0.9790068529501,238.06610278300408,0.9745885818135218,True,False,False,False,False,False,True,-0.3182324001552479,0.3818902278549307,0.0
P1165,-1.1131933860567986,-0.027320903709777637,-2.2026196435253165,0.5562798648788398,-0.7228102022984852,0.6565374898007548,529.6032995806362,0.98,304.4082688643603,0.9253391731687486,False,False,True,False,False,False,False,-0.015198068624042898,0.01974782793744181,-0.0
P1166,0.4057060275934117,-0.004472797396470468,0.7705612435595303,2.1772665980132606,0.9282360313909548,-0.31823944727615994,490.1064437746321,0.98,313.38805283941,1.0,True,False,False,False,False,True,False,-0.009738472371015825,-0.004151811704515542,-0.0
P1167,-1.033251311654156,1.4458742842204066,0.8923105625951528,0.699141925609332,0.5548863718577589,1.0733366627698862,493.9934705679971,0.98,272.6862108790674,0.9477875611390424,False,False,False,True,False,True,True,1.0108713312588697,0.8022959357334956,0.0
P1168,1.2051267716198382,-0.49805918369013197,1.2241386145366544,0.37464904893856227,0.06557999777838319,-0.8611407687319215,594.824612186807,0.9282988165450454,279.9544005026758,1.0,False,True,False,False,False,True,False,-0.18659739948462462,-0.0326627201599022,-0.0
P1169,0.8853584740092676,0.3543618471117455,0.019552459852540338,1.6335164326324754,0.1893684841417947,-0.5223954313715552,589.2966504954964,0.98,255.78228119679392,1.0,False,True,False,False,False,True,False,0.5788559003550332,0.06710496582523766,0.0
P1170,1.6048371436330515,-0.39480417912564075,0.8309204198603986,1.1467255779340753,2.213115275095483,1.2038798887165687,597.6386656599067,0.8168870894107587,311.1937951276676,0.6955088690271849,False,True,False,False,True,False,False,-0.45273205047863857,-0.8737471594944888,-0.39480417912564075
P1171,0.16587980438548372,-0.39701433538643094,-0.22158450075980757,-0.8280427876144594,1.034276679866283,0.27696669004150515,587.2459919785267,0.7716481529611554,314.36542944284986,0.6786962370053844,False,True,False,False,True,False,True,0.3287448569962822,-0.41062266866279673,-0.39701433538643094
P1172,-0.5535988652383002,-1.2265719663116268,-1.225760855327507,0.2946286860789366,2.382291463686629,-1.5941786014139232,726.6368568467271,0.6867923546519271,317.790414362812,0.4295012396059401,False,True,False,False,False,True,True,-0.3613832868156523,-2.922051924941512,-0.0
P1173,0.8054163996066249,-0.8336762587243679,1.4314056971311353,-1.7702759074987275,0.594362680132298,0.2534526312513278,636.4607978046671,0.7004119345894182,241.1924283849293,0.5485100137819862,True,False,False,False,False,True,True,1.4758369954734243,-0.49550605549808235,-0.0
P1174,0.8054163996066249,-1.004842950191554,-0.16011772005504413,-0.561988195585651,-1.5540746453156913,1.5562881901124284,518.8152906196817,0.9426025753106768,226.13889199635412,0.8272383923178304,False,False,False,True,False,True,False,0.5647098764251136,1.561600951416912,-0.0
P1175,0.16587980438548372,0.2835423834796754,-1.4436338256674108,0.31467019275219416,-0.25720136144587397,-0.530646484954396,549.0681116445083,0.98,231.11109966710725,0.6328910599030758,True,False,False,False,False,True,False,0.08922233646296601,-0.0729274870585806,0.0
P1176,1.5248950692304089,0.8090368138242267,-0.521843119216657,-0.6255685106834901,-1.799092105625536,0.6158219672308028,500.8041011012058,0.98,176.12491158385262,1.0,False,False,False,False,True,False,False,-0.5061079547121375,-1.4555317449116028,0.8090368138242267
P1177,-0.793425088446228,-0.23678765104493704,-0.48322861010597606,0.27291457102162653,0.5903663332519525,-0.9255076069079302,680.4554682038671,0.86001798792242,272.5338481978432,0.7817801763277659,False,False,False,True,False,True,True,-0.06462280020814759,-0.13979145730674236,-0.0
P1178,1.3650109204251235,0.06211813602685424,0.386077641586507,-0.021373787731164193,0.8231472909084833,-0.16668267056889893,607.43889047648,0.8806407975771869,228.25898136988684,0.7307882333008933,True,False,False,False,False,True,False,-0.0013276998536935656,0.05113237538678972,0.0
P1179,-1.5928458324726547,-0.2899727097934222,1.7272960212768538,0.5428785856150414,-0.9259924748894439,1.1394977767332841,544.8039142556788,0.9104200483137486,197.98177385315867,0.9221997363433876,True,False,False,False,False,True,False,-0.15741997455961393,0.2685125471920095,-0.0
P1180,-1.512903758070012,-0.8965768568294274,0.4454527447036991,-0.4429860748324959,-0.6790812702112311,0.21242431263131925,564.5172496300313,0.9111462402500692,266.36615010375147,0.6832548488880694,False,False,True,False,False,False,False,0.3971710625925247,0.6088485507777207,-0.0
P1181,1.2051267716198382,0.645068783025149,0.13687631343514053,-0.9724972380059512,0.18340162990965939,1.3518679238916802,585.3885768395023,0.911008730189566,239.91738032579912,0.9129280688310092,False,True,False,False,False,True,False,-0.6273276098158177,0.11830666621065275,0.0
P1182,-0.39371471643301487,0.45181161580617496,1.7272960212768538,1.5093406674285785,-1.2607278414789265,0.4318613245506757,551.264797919891,0.98,208.82533401594372,1.0,False,True,False,False,False,False,True,0.6819376457528766,-0.569611483150425,0.0
P1183,-1.5928458324726547,-1.8388269956769194,0.8918046749058673,-0.5163630476527875,-1.341204329488775,2.108697837134766,637.5699095877934,0.6598563819740504,286.0114402604688,0.6305381749786815,False,False,True,False,False,True,True,0.9495023115939533,2.4662427277827215,-0.0
P1184,-1.5928458324726547,-0.4103506353621285,0.1832303828362696,0.669720997862733,1.3519977586411498,-1.687444938313426,569.6716671676031,0.8252586552080545,294.47633205479326,0.8254034352798224,False,False,True,False,False,False,False,-0.2748204369883312,-0.5547931392665695,-0.0
P1185,0.48564810199605435,-0.9622324970352297,-0.5341606773491149,1.4653338114329681,0.14690284551551808,-0.25230834895637466,602.2652294938488,0.905340117657792,312.43696887449096,0.9104171180230518,False,True,False,False,False,False,True,-1.4099918123652955,-0.14135469186197755,-0.0
P1186,0.08593772998284108,-0.5097117318536872,0.24380740407623736,0.1593082613540421,-0.5745105102728667,-1.175906713464964,573.5748131506482,0.8779028200425063,247.31215598567584,0.9398137145602824,True,False,False,False,False,True,True,-0.08120128979336863,0.29283474715932845,-0.0
P1187,1.2051267716198382,-0.7672545476679546,-0.13029857501560224,-0.8864511737002075,-1.790422121829391,-1.1031929794656044,599.2361050334894,0.8754510194153649,277.0853156218447,0.925588602892955,True,False,False,False,False,True,False,0.6801336943070803,1.373709515218909,-0.0
P1188,0.8054163996066249,-0.19225051500202428,0.024025967750046978,-0.1909419439826428,0.937818543293009,-1.0935394885334,590.4539963321043,0.8174422740609932,273.36939796188534,0.8852885984858733,False,True,False,False,True,False,False,0.03670868706615075,-0.18029609792652918,-0.19225051500202428
P1189,0.8853584740092676,-0.453480447619882,1.219873161517661,1.0366486787214217,-0.7100490483732663,0.15757766593581396,535.9220117774975,0.9736737292301326,234.43100126707745,0.9780266943311656,False,False,True,False,True,False,True,-0.47009990685114955,0.32199336028838005,-0.453480447619882
P1190,-1.6727879068752973,-0.47303941052745246,-0.5937202265009317,0.20403120403167066,2.0189769267523663,0.2199521104553597,614.4457300020699,0.7650936441875305,330.11350497726613,0.5487202225318795,False,True,False,False,False,True,False,-0.09651480048434787,-0.9550556552994669,-0.0
P1191,-0.23383056762772952,0.8709430884543711,0.4367717200627754,-1.244455211064818,0.9452798683604721,0.43415452818725697,624.0626753089396,0.8191692211708744,216.8496393752037,0.8037474017975558,False,False,False,True,False,True,True,-1.0838496649679288,0.8232849680036108,0.0
P1192,-1.5928458324726547,0.3639444366744702,0.8625153884358682,0.6046887009919946,-0.8426012165100348,-1.2169324250324027,510.8926664459804,0.98,267.243248747948,1.0,False,False,False,True,True,False,False,0.2200730886459486,-0.3066600250839679,0.3639444366744702
P1193,0.32576395319076906,-0.7980895838508397,-0.7128096821309179,0.7821205297955705,-0.7432381007592994,-0.3662821529372043,550.9651993710438,0.98,253.11540625226505,0.8553409220834404,True,False,False,False,False,False,True,-0.6242022481457451,0.5931705865370778,-0.0
P1194,0.8054163996066249,-0.6613922756971714,-0.8697590621604041,-0.3722883035950549,1.8701166251517558,-1.0478685406550439,610.1359916671059,0.6832190490961386,267.9682174948871,0.5909461825447031,False,False,True,False,False,True,False,0.2462286083301728,-1.236880690528234,-0.0
P1195,-1.273077534862084,0.3036939364735479,-0.21238834629186268,0.6186467208652098,-0.06643752403339687,0.9755579473244914,563.2032768991497,0.98,258.9412257258223,1.0,True,False,False,False,True,False,True,0.18787925794600774,-0.020176673203258243,0.3036939364735479
P1196,0.8054163996066249,0.3024283202968449,-0.5167727564956013,0.24382131531599208,-0.5264769054305788,-0.9477426133688434,555.4805796263278,0.98,230.0659853862973,0.9344970254043092,False,False,False,False,False,True,True,0.07373847084358287,-0.15922152618445082,0.0
P1197,-1.4329616836673693,-0.705837729187144,1.0613974797411572,-0.21025616309736886,0.05363127521012284,-0.24860135147397414,587.3928447695728,0.827996870598378,299.1287773116256,0.8525717480472444,False,True,False,False,False,False,True,0.14840673270824864,-0.03785497750772388,-0.0
P1198,-0.8733671628488707,-0.3650898443913814,-1.0449330825907168,-1.335172516575224,-0.5314106577134955,0.5756220690614712,575.2231663357298,0.8226684074473866,248.12392847652544,0.6834191668208892,True,False,False,False,False,True,False,0.48745792631209767,0.19401263433254173,-0.0
P1199,-0.39371471643301487,1.5522900115498703,0.0015724413502110647,1.0986495570750257,0.2823652605043275,-0.676587208410006,568.5931198966941,0.98,228.65383342362023,1.0,False,False,False,True,False,True,True,1.7054227336412515,0.43831277348954467,0.0
P1200,1.2850688460224808,-0.6899589178595615,1.7272960212768538,0.7715287965777815,-0.05739243430881508,0.7178578947802287,505.4959945671403,0.9169025203912056,202.70485476213935,0.8984925765792426,False,False,False,True,False,True,True,-0.5323231735842959,0.039598421869036025,-0.0
P1201,0.16587980438548372,1.6112623883541197,0.3385159286238038,0.5915958415915213,0.962647618159128,1.6785782704007304,537.3126648523843,0.98,245.9798228129286,1.0,False,False,True,False,False,False,False,0.9532161286631201,1.5510779003784814,0.0
P1202,-1.3530196092647266,0.8675138721797226,0.5010630666829657,1.577485086550776,-0.3927308348236967,0.18098963479429397,546.3465184372152,0.98,198.53057575457828,1.0,True,False,False,False,False,True,False,1.3684901957394284,-0.3406994472422802,0.0
P1203,0.9653005484119103,1.4404336781526361,1.0695621957905688,0.9623999094563122,-0.9248134266001851,0.9390644240778158,338.4100119801139,0.98,209.1903724919168,1.0,False,False,False,True,False,True,True,1.3862732414319197,-1.3321324056826476,0.0
P1204,-1.273077534862084,-0.7291431579333887,-0.5180629703805988,0.6969743956273449,-0.3502821446770331,-2.228935557385035,609.0888255401704,0.848864234189894,251.5862981437301,0.8427572631375946,True,False,False,False,False,True,True,-0.5081941118264373,0.25540582913749205,-0.0
P1205,0.0059956555801984265,-0.30479401960150887,-1.122818048056062,-2.2790373732008793,-0.3568218516596161,-0.4779086153276176,617.0334291796423,0.6807011734387314,210.1563317384198,0.7044351749230818,False,False,False,False,False,False,False,0.69463696179996,0.10875716644898772,-0.0
P1206,-0.8733671628488707,-0.5633642103502844,0.10721640665480343,1.2207168706013756,-0.059226144072056605,0.17586667494414043,576.1211437070406,0.949530452271176,259.00602445950045,0.8433864635279703,False,False,False,True,True,False,False,-0.6877081958676142,0.03336588988724635,-0.5633642103502844
P1207,-0.4736567908356575,0.8887870265445285,0.19413763700941739,0.07762683986690447,0.704276407605718,-1.1422903709189671,538.3670218518004,0.9533778608472088,239.8469541410224,0.8618571782402114,False,False,False,False,False,True,False,0.06899372818535428,0.6259517341813484,0.0
P1208,0.8853584740092676,-0.19906302839894569,-1.64770508799485,0.31306786840043827,0.6456994245670712,0.2000907205568868,648.8391060555788,0.8161160854432266,311.9421702647716,0.6840716148324307,False,False,False,True,False,False,False,-0.06232023797819383,-0.12853488288977777,-0.0
P1209,-1.033251311654156,0.524313162768369,0.30137367377979246,0.3200892006514016,1.310209595059573,1.1076637313917037,588.3078273590153,0.9386569175252216,291.4318112533521,0.8818822104099014,False,False,False,True,True,False,False,0.16782698116153547,0.6869601366751488,0.524313162768369
P1210,-1.273077534862084,0.4755528828089924,0.9807445306394464,0.7865348594532924,-0.846190831187063,-2.022501023711283,522.4630277809032,0.98,260.7788050183144,1.0,False,False,False,True,False,False,True,0.37403891984277887,-0.4024084891775452,0.0
P1211,-0.4736567908356575,-0.19373329845051102,-0.9580825944890093,1.1440330028024175,0.44070226219152003,-1.2872264578083221,528.3549836325553,0.9685440257675276,290.6432857347332,0.9507674920946486,False,True,False,False,False,True,False,-0.22163728716915504,-0.08537870288896511,-0.0
P1212,0.565590176398697,1.0471927660791933,0.360516288137521,0.6432742213922571,0.8037568264114723,0.175773450311009,610.2251895331161,0.98,241.0000519585236,0.9380818915487994,True,False,False,False,False,True,True,0.6736321112471971,0.8416883343048637,0.0
P1213,-1.512903758070012,-0.050252646648708314,0.8070959391326404,0.48014066638661484,-0.6990074993977708,0.46925644936586874,548.1455499679907,0.9359074609679472,191.88373218160308,0.993923655487925,False,False,False,True,False,True,True,-0.024128339249601897,0.035126976872033366,-0.0
P1214,-0.15388849322508688,0.6191044016421929,0.5082872898220497,0.2299604700813084,-0.19871945321521936,0.7649268750280089,629.872964122792,0.98,230.6747451397217,1.0,False,False,False,True,False,True,True,0.14236953923104584,-0.12302808817747214,0.0
P1215,1.1251846972171955,-0.6053272887095644,0.6005234585594702,-3.086489624338185,-1.852459883051719,0.09705477207091022,698.9126277069169,0.7415752656483628,229.106444036594,0.6478020041217071,False,False,False,False,False,True,False,1.8683363959308354,1.1213445184509339,-0.0
P1216,-0.23383056762772952,-0.816096989907387,-0.30475191469453367,-0.3027874559198037,0.9962615173208106,0.470419998676393,561.6450692378774,0.8103101658124623,276.5031821862096,0.593606044791569,False,False,True,False,False,False,True,0.24710393135786743,-0.8130460254460796,-0.0
P1217,0.32576395319076906,0.5242486933623586,-1.1678807614994124,-0.9739757058491492,-0.2071547952199053,0.941055497673239,541.9947297993313,0.8142676150188848,263.7456525541525,0.8783790658162042,False,False,False,True,False,True,True,-0.5106054911580974,-0.10860063071778231,0.0
P1218,-1.512903758070012,0.24752809782716306,-0.5026108130806582,1.2349253500414459,0.8887244549565548,-0.4623681973997809,513.6276115792019,0.8660902764336764,289.56330275204886,0.9466030188481288,True,False,False,False,False,True,False,0.3056787228543026,0.21998427382787827,0.0
P1219,-0.23383056762772952,0.0747235223437754,-0.6384409067908137,0.6276706548444367,0.2448385556920971,-0.6690878196024276,558.829532299563,0.9745064096713502,236.489841290992,0.8962214755450426,True,False,False,False,False,False,True,0.0469017622018004,0.018295199286876115,0.0
P1220,-0.15388849322508688,-0.46617233993488405,-0.14385965978919138,-0.47781606837564455,-0.17463106988972296,-0.20046368460446512,604.2234580621188,0.9073989374493888,234.33724629878597,0.7174265428442606,False,False,False,True,False,True,True,0.22274463465316077,0.08140817447582442,-0.0
P1221,0.8054163996066249,1.2780654060168235,1.0036455557628277,-0.37475682075456307,-1.6839330820170284,0.1913999585813112,501.7468869773886,0.98,181.0278334729519,1.0,True,False,False,False,True,False,False,-0.4789637282752546,-2.1521766181732542,1.2780654060168235
P1222,-1.1931354604594413,-1.1783697441652023,-1.348128637255284,-0.41197417260004654,-1.4932379391660204,-0.7219980259696112,635.7679540110076,0.8369399865183635,248.82065447537812,0.7940075960257111,True,False,False,False,False,False,True,0.48545790036938774,1.7595864083528374,-0.0
P1223,1.5248950692304089,-1.9856360708747587,0.07567059359614522,-0.4302879976182527,-2.388595331857118,-0.4403247061805387,635.6777475948455,0.98,193.32184384235225,0.7005206315418213,False,True,False,False,False,True,True,0.8543953689352748,4.742881049658558,-0.0
P1224,0.8853584740092676,0.7186969866649319,-1.1051996398527046,-1.490163683685764,-0.5793399388513756,0.402470443077709,602.2813346750679,0.8743104834486052,212.885188519933,0.8862460046364465,False,True,False,False,False,False,True,-1.0709761491024732,-0.4163698683071295,0.0
P1225,1.4449529948277662,0.6430723010378773,-0.789015774263011,-1.7125820741893716,2.436410193358362,0.14695561822056216,616.4779102006494,0.7517878858956416,249.590799423362,0.682998333146602,False,False,False,True,False,False,False,-1.1013140951651799,1.5667879093151014,0.0
P1226,1.3650109204251235,0.17650396611014574,0.480969387684246,0.022172870508215523,-1.3570599627185338,-0.21838584526972474,502.919295624974,0.98,247.53148541497012,1.0,False,False,True,False,False,False,False,0.003913599584746723,-0.23952646566910774,0.0
P1227,-0.3137726420303722,-0.4148134902458621,-1.2289367633004713,1.0959404177645269,-2.388595331857118,-1.8750268043859035,510.78218528827296,0.98,277.03315578487087,1.0,False,True,False,False,False,True,False,-0.4546108697944116,0.9908215663926243,-0.0
P1228,1.4449529948277662,0.3134882483855861,0.6525808781909428,-0.5594597487773144,1.0561036209624903,-0.02476281161070144,612.6596566675113,0.8698654489379547,221.1623364791407,0.91659134716595,False,False,False,True,False,True,True,-0.17538405668644033,0.33107607424920604,0.0
P1229,-1.6727879068752973,1.4362078632594206,-1.3875587052150495,0.3037831488088685,2.436410193358362,-1.0539481900199117,556.3949485792209,0.8465309944864485,285.90286583977286,0.8034381209136447,False,False,True,False,False,False,True,0.4362957470450036,3.499191477826685,0.0
P1230,-0.8733671628488707,2.168510194072851,0.586808666584836,0.7459229237421408,0.3433453831854286,1.02582068359923,424.75017799619786,0.98,224.32105107290664,1.0,False,False,False,True,False,True,False,1.6175414641274581,0.7445479635254513,0.0
P1231,0.48564810199605435,-1.6758018767710279,-1.5805486313729602,-1.0271256123596013,0.33349307515784554,-0.349772879774135,694.6938608390936,0.6238594808860326,266.7228205825177,0.6786138628930746,False,False,False,True,False,True,True,1.7212590288718113,-0.558868321239659,-0.0
P1232,0.2458218787881264,-0.535495730515774,-0.6694922579911072,-0.028137834288093168,-0.3083553953596737,-1.0818774997033296,570.9008109223394,0.8932642035965672,265.0206747987282,0.8285779862172594,False,False,False,True,False,True,True,0.015067690127234246,0.1651229976966088,-0.0
P1233,0.08593772998284108,-0.5934126578531532,1.7272960212768538,-0.6916767318804625,-1.8999372472202365,-0.08656241041718635,550.8778653869851,0.98,272.3017071792293,0.9158710669023852,False,False,True,False,False,False,False,0.4104497278403681,1.127446811627164,-0.0
P1234,0.7254743252039823,1.3493038056694453,1.6052763903999996,1.6406975031745252,-1.5315799067178708,1.3320931305272767,446.8060174644402,0.98,194.93737404724823,1.0,True,False,False,False,False,True,False,2.2137993849857436,-2.066566596821277,0.0
P1235,0.6455322508013397,-1.8388269956769194,-0.46875679227998296,1.5958899554546446,-0.31572291691121085,0.6507048975570721,592.1466245068316,0.917232080345976,277.7497290265161,0.7890382839370199,False,True,False,False,True,False,True,-2.934565532219637,0.5805598227701955,-1.8388269956769194
P1236,1.6048371436330515,0.3240049791624321,0.31593216715202216,-1.02606303301042,-0.5212703081313397,0.21315425765462195,555.4666765656265,0.98,214.93149092153024,0.9104960144435136,True,False,False,False,False,False,True,-0.332449531629883,-0.16889417532408926,0.0
P1237,1.0452426228145528,-0.3861173291126335,1.111985581803569,0.3883896312581599,-0.09958368321498086,-1.4331362612404963,525.0936099398817,0.8846951822445375,188.76946286258251,1.0,False,False,True,False,True,False,True,-0.1499639670764413,0.038450985786167,-0.3861173291126335
P1238,-1.1931354604594413,1.3599865971864353,0.6008069644923655,1.0880228017464773,0.9131289546732274,1.705753950782492,510.9208538442135,0.98,238.36945500086568,1.0,True,False,False,False,True,False,False,1.4796964278084432,1.2418431398584493,1.3599865971864353
P1239,-0.4736567908356575,1.2336778847348933,-0.33278025328619093,0.8629896952644752,-0.5999527367558265,-0.6829747859827481,519.5292317116382,0.98,266.6488862080632,1.0,False,False,False,True,True,False,False,1.064651301801888,-0.7401484232218383,1.2336778847348933
P1240,0.32576395319076906,1.5645382820958587,-0.7974137102801411,0.07606947501455838,0.9349936628662724,0.9733242454049017,594.4855516176531,0.8991705803338562,246.66137678408128,0.6788503945742079,False,False,False,False,True,False,False,0.11901360575921101,1.4628333790713122,1.5645382820958587
P1241,-1.5928458324726547,-1.6051341956175986,0.7834712163877757,1.3332617592830798,-0.5929316867783725,-0.3674940297330604,630.0903921822862,0.8296127535681775,211.42352521094637,0.8544460039989489,False,False,False,True,False,True,False,-2.1400640415345507,0.9517349261131889,-0.0
P1242,-1.6727879068752973,-0.6782944643239481,1.040247840851064,-0.9359263995524535,1.137132268989455,0.8708034945985793,615.2875512023048,0.7438417100898282,247.7677999306798,0.6775956431312559,False,True,False,False,False,False,True,0.6348336958310729,-0.7713105232596781,-0.0
P1243,-0.793425088446228,-0.57739559386597,1.6122731721762886,-0.3186968347753214,0.11651276149033031,1.3706140126755701,552.9881524520254,0.8719423185642605,262.1924920889447,0.8082751107941508,True,False,False,False,False,True,False,0.1840141481783016,-0.06727395511367339,-0.0
P1244,-1.3530196092647266,-1.3717565237789309,-1.7152126845764628,-0.9083478173172942,-0.44340008102778716,0.6691498300082747,625.705399703679,0.8452667661259686,277.4373938063029,0.6871954605608201,False,False,True,False,False,True,False,1.2460320442653507,0.6082369537939736,-0.0
P1245,1.2051267716198382,0.9144323820122223,-1.2907153954842916,0.7954232504275591,0.09820614742017965,0.783854364949255,496.42245493352425,0.98,225.851983030899,1.0,False,False,True,False,False,False,False,0.7273607775963773,0.08980288131367833,0.0
P1246,0.8054163996066249,-1.488756413506603,1.070775778897123,-0.6055883210608216,-0.2908317993106253,-0.1258512730328427,616.4743520335248,0.7311541321926331,259.0008451270997,0.6045963143198896,False,True,False,False,False,False,False,0.9015734969239939,0.43297770647535866,-0.0
P1247,-1.033251311654156,1.6615033120033302,-1.582503571661071,-0.18338767300379988,0.14521261339437935,-0.48314157913097494,522.7865265705652,0.98,241.7951378909112,1.0,False,False,False,True,False,True,False,-0.3046992260763972,0.24127123809942044,0.0
P1248,1.5248950692304089,1.6591951596903645,1.1457028306706696,0.6262678989476179,0.8367666744277119,0.1262418145470997,492.01212908861726,0.98,178.22653878522578,1.0,False,False,False,True,False,False,True,1.039100666603342,1.3883592160006626,0.0
P1249,1.0452426228145528,-0.5042950811372331,-0.27554653942266794,0.7089654040733533,-0.06960717908059683,-0.3829895129529517,524.5556324367101,0.9228033947013627,253.6827327872249,0.8716707516478941,False,False,True,False,True,False,True,-0.35752776597066294,0.03510255802218349,-0.5042950811372331
P1250,-0.23383056762772952,0.15322095119513668,-0.5747422714388499,-0.9386067018395184,-0.3723529596864979,2.108697837134766,555.8550678822992,0.9769383215019254,232.99325717598455,0.7735581736059802,True,False,False,False,False,False,False,-0.14381421165398106,-0.05705227466348959,0.0
P1251,-0.4736567908356575,-0.21608244478072536,0.13549244306733765,1.0767911312340017,-1.180752990663573,-1.0777524673508247,543.9654470822197,0.9585830526979946,215.8370914402347,1.0,False,True,False,False,False,False,True,-0.23267566015524596,0.2551399929047378,-0.0
P1252,-1.512903758070012,0.6815235463753845,-1.3809134219008758,0.4600296848922788,0.6449156847874846,1.0460557465128266,576.5407861452438,0.98,234.7525065941968,0.952263384677112,False,False,True,False,True,False,False,0.3135210622857365,0.43952522460947613,0.6815235463753845
P1253,-0.15388849322508688,1.0250938449950775,0.7403606265765685,-1.1177717785329278,0.3973330789000096,0.5297162628337917,591.765374499227,0.950077773156318,247.2714319309676,0.8422941023724834,False,False,True,False,True,False,False,-1.145820970283305,0.4073036935933433,1.0250938449950775
P1254,0.16587980438548372,0.0882592135018773,1.5867863611980872,-1.370251062758766,-1.2433994106303168,0.22375502568518363,587.6980112858572,0.8851258290184437,191.0596513347114,0.8634413626938658,False,True,False,False,False,False,True,-0.12093728109920021,-0.10974145405092954,0.0
P1255,0.8853584740092676,0.28279849380520483,0.7858894452510655,-0.02387288657358277,0.9197439879180864,1.5548480181545465,575.2958659602667,0.9205851118457188,195.60326093557,0.8578487777293812,False,False,False,True,True,False,True,-0.006751216365791705,0.26010221446962734,0.28279849380520483
P1256,0.16587980438548372,-0.721340467291026,-0.3064224780584033,0.8648005621820313,-1.260813586478541,0.29670369567195093,569.1547859181036,0.98,252.56548208930943,1.0,True,False,False,False,True,False,False,-0.6238156416379284,0.9094758616373052,-0.721340467291026
P1257,-0.8733671628488707,0.25294052340029355,-1.5693080003882496,0.8910958827530804,1.1274631706118903,-0.6971158899879218,566.0825869496097,0.9377296876355804,296.1931125657311,0.9871693272447648,False,False,False,True,True,False,False,0.22539425898341076,0.28518112448912597,0.25294052340029355
P1258,-1.1131933860567986,0.0005036420271857055,-1.531712394810272,0.3578910279523041,0.7614506205885034,0.2896254740026183,585.6593757864757,0.8047136383020578,257.1707436583989,0.8979946615257829,False,True,False,False,False,True,False,0.00018024896282947442,0.00038349853415500736,0.0
P1259,1.1251846972171955,-0.9896618604506233,-1.365537000012089,0.04231684220458863,0.4738826452568726,-0.21608696256854443,582.7283207604114,0.7692055703741755,276.09110154136613,0.6236202227653641,False,False,True,False,False,True,True,-0.04187936478458864,-0.4689835803401793,-0.0
P1260,1.2850688460224808,-0.16241049609666805,-0.07738646327369587,0.517550855704096,-0.38031561946280845,0.5149017184317327,560.1983531124941,0.98,229.14174173614197,0.9202934640468744,False,True,False,False,False,True,False,-0.08405569123015728,0.06176724843026634,-0.0
P1261,1.4449529948277662,-0.5025648072159781,0.04550477684224812,-0.885449463932435,0.6412720157890673,0.8447843863387897,640.5048713753083,0.7813028137202508,257.08262705138856,0.6500404493195513,True,False,False,False,False,True,False,0.4449957391406953,-0.3222807469880343,-0.0
P1262,-0.15388849322508688,-0.711104213430091,0.7838040360194509,1.723691425501034,1.1780187250230454,-0.9358378675725157,601.9626344507554,0.8766394203840355,296.44280482243755,0.800254962138388,False,True,False,False,False,False,False,-1.2257242353271052,-0.8376940788634314,-0.0
P1263,1.0452426228145528,-1.2059265053645478,-1.8215799023411523,1.710298987880724,0.6590410512437204,1.251841396054774,544.825754130052,0.93392389845515,299.81534100301104,0.8528776206548923,False,False,False,True,False,False,True,-2.0624948815835245,-0.7947550718181176,-0.0
P1264,0.2458218787881264,-0.09188176454350523,1.2167517587008498,0.43244588419066965,-0.6947503599393537,-0.2924605835343195,554.3660550587589,0.98,244.40626633086097,0.864136900428262,False,False,False,False,True,False,False,-0.03973389090901504,0.0638348889884632,-0.09188176454350523
P1265,1.0452426228145528,-0.8686547256207814,0.6136263724653682,0.19484891127416365,0.31062746793869145,0.45136057496389553,550.8199892558479,0.8611745300754098,236.7733772155304,0.8762154492050113,False,False,False,True,False,True,False,-0.1692564275603666,-0.2698280179325621,-0.0
P1266,0.2458218787881264,-0.5835851576619829,-0.38496869701491815,-0.4298721661295724,1.2377018893307952,0.6360250443174565,638.8327716043549,0.7159380763176344,271.92228190939016,0.731120203768089,False,False,False,False,True,False,True,0.25086701584522464,-0.7223044522236463,-0.5835851576619829
P1267,0.565590176398697,0.8412128235725422,-1.228757321304662,0.535009155637552,2.381832068901156,0.370191179247915,552.6235457309376,0.8508715524248623,304.96081783196394,0.8537874712168267,False,True,False,False,False,False,False,0.4500565624510268,2.0036276799559714,0.0
P1268,-0.3137726420303722,0.4329966120157466,1.1560586535434694,-0.7171253851784463,-0.19612673276149473,-0.13721285765344884,634.599067515253,0.8477818592263642,201.2086799242321,0.8812291727393677,True,False,False,False,False,False,False,-0.31051286217275453,-0.08492221081144495,0.0
P1269,-0.3137726420303722,-1.0513743133562303,-0.35881941535293727,-2.289695008058159,0.94374981454466,-0.5413165540840132,689.1257977393944,0.5587521966018326,311.2484684171673,0.5187505725323656,False,False,False,True,True,False,True,2.4073265168923355,-0.9922343132469617,-1.0513743133562303
P1270,-1.5928458324726547,0.17477925118759025,-0.08495542593233518,-2.793082496849384,1.2403240480075486,-0.3074694618528062,686.1734290913984,0.692642220336973,247.348273616288,0.5639598249991838,True,False,False,False,False,False,False,-0.4881728673045002,0.2167829083407201,0.0
P1271,1.0452426228145528,-0.02712312955380015,0.30972434170083446,-0.8281497849164018,-0.8471722601023304,1.645665708178962,656.6457928638857,0.913103429907556,222.96656092149328,0.953022328602926,False,True,False,False,False,True,True,0.022462013906239295,0.022977962965141187,-0.0
P1272,-0.4736567908356575,1.4185764839451882,-0.9583278646648331,0.1528510090698793,1.934693593198036,-0.9430560328588616,523.794235917061,0.9666086569537488,301.5951728884839,0.8958332130848394,False,True,False,False,True,False,True,0.21683084701382346,2.744510834950152,1.4185764839451882
P1273,1.5248950692304089,1.1250429222071425,-0.3413032884851108,0.3330599374815649,-1.118208566155496,-0.7869225841700128,513.0999799728785,0.98,201.5511275581111,1.0,False,True,False,False,False,True,False,0.374706725334388,-1.258032632904638,0.0
P1274,1.1251846972171955,-1.5627704785371326,0.7807467644016293,-0.5071883407401367,0.8913206707180445,-0.8336758915043632,616.6461988084907,0.6690411601781138,284.801087547826,0.6263913851922168,True,False,False,False,False,True,False,0.7926189659669177,-1.3929296311080765,-0.0
P1275,0.8853584740092676,0.6440225931660785,0.6817706600837621,0.13792580501052804,0.3512784581444367,0.12353194179696242,565.4316676959013,0.98,246.62657605258636,0.9809877330484644,True,False,False,False,True,False,False,0.08882733460739917,0.22623126353756187,0.6440225931660785
P1276,-1.4329616836673693,1.0163582834323808,0.6905819533887392,-0.2890735681715437,0.08349684943019249,-1.6446290305204823,611.0852210732459,0.9386154304815496,225.50108819220145,1.0,True,False,False,False,False,True,False,-0.29380231553250347,0.0848627145588824,0.0
P1277,0.8853584740092676,0.8479275022669395,-1.194942432293366,-1.0332161486961047,2.436410193358362,-1.4623824953687152,609.7322769552367,0.6898592248439739,297.17002497881464,0.85639006758422,False,True,False,False,False,False,True,-0.8760923882657548,2.065899209752067,0.0
P1278,-0.6335409396409428,-0.4585461132847657,-0.29671431167561724,-0.06279450390883694,-0.2991054970164677,-0.29890831365162784,549.1157904451692,0.9778596916088704,253.64280543047295,0.7611099235715062,True,False,False,False,False,True,False,0.028794175703042206,0.13715366311900934,-0.0
P1279,-0.07394641882244422,2.07438050436661,-0.4529836991851841,0.8266875764049848,-0.31635795554233714,-1.3923311392575066,462.0630204613268,0.98,174.68212583939942,1.0,False,False,True,False,True,False,True,1.7148645916965828,-0.6562467753783029,2.07438050436661
